Profile Name,Title Name,Rating Type,Star Value,Thumbs Value,Device Model,Event Utc Ts,Region View Date
Lil Tomate,Sweet Tooth,thumb,,2,Smart TV,2024-06-07 19:40:23,
Lil Tomate,A Simple Favor,thumb,,2,Smart TV,2024-05-19 22:50:22,
Lil Tomate,Mother of the Bride,thumb,,1,Smart TV,2024-05-12 19:24:47,
Lil Tomate,Anyone But You,thumb,,1,Smart TV,2024-05-08 20:29:15,
Lil Tomate,Katt Williams: Woke Foke,thumb,,2,HTML 5,2024-05-07 15:02:58,
Lil Tomate,King Richard,thumb,,2,HTML 5,2024-04-28 02:40:37,
Lil Tomate,Dead Boy Detectives,thumb,,2,iPad,2024-04-26 02:21:27,
Lil Tomate,Z Nation,thumb,,3,iPhone,2024-04-25 02:24:46,
Lil Tomate,Rebel Moon — Part Two: The Scargiver,thumb,,1,HTML 5,2024-04-22 22:34:33,
Lil Tomate,Neal Brennan: Crazy Good,thumb,,3,HTML 5,2024-04-18 11:32:32,
Lil Tomate,White Collar,thumb,,3,Smart TV,2024-04-18 03:32:20,
Lil Tomate,Lost in Space,thumb,,2,HTML 5,2024-04-16 12:30:58,
Lil Tomate,Killing Eve,thumb,,2,HTML 5,2024-04-15 10:58:44,
Lil Tomate,Megan Leavey,thumb,,2,Smart TV,2024-04-12 21:37:27,
Lil Tomate,Scoop,thumb,,2,Smart TV,2024-04-09 18:51:54,
Lil Tomate,It's Kind of a Funny Story,thumb,,2,Smart TV,2024-04-07 02:36:24,
Lil Tomate,Baby Driver,thumb,,2,Smart TV,2024-04-02 01:49:19,
Lil Tomate,School of Rock,thumb,,3,HTML 5,2024-03-30 22:56:30,
Lil Tomate,Vikings,thumb,,3,HTML 5,2024-03-30 12:10:19,
Lil Tomate,Mending the Line,thumb,,1,Smart TV,2024-03-26 13:52:05,
Lil Tomate,On the Line,thumb,,2,Smart TV,2024-03-25 23:36:21,
Lil Tomate,Shirley,thumb,,2,Smart TV,2024-03-22 21:26:10,
Lil Tomate,Southpaw,thumb,,0,HTML 5,2024-03-20 00:34:58,
Lil Tomate,Avatar The Last Airbender,thumb,,2,HTML 5,2024-03-11 15:45:17,
Lil Tomate,Furies,thumb,,2,Smart TV,2024-03-10 22:34:48,
Lil Tomate,The Gentlemen,thumb,,2,Smart TV,2024-03-10 04:18:54,
Lil Tomate,The 30th Annual Screen Actors Guild Awards,thumb,,2,Smart TV,2024-02-25 14:16:31,
Lil Tomate,The Night Agent,thumb,,1,Smart TV,2024-02-15 01:08:04,
Lil Tomate,Horrible Bosses 2,thumb,,2,Smart TV,2024-02-10 16:14:16,
Lil Tomate,My All American,thumb,,2,Smart TV,2024-02-10 14:26:23,
Lil Tomate,The Bureau of Magical Things,thumb,,1,HTML 5,2024-01-30 14:13:31,
Lil Tomate,Bleach,thumb,,2,Smart TV,2024-01-29 22:42:25,
Lil Tomate,Cobra Kai,thumb,,2,Smart TV,2024-01-29 18:35:29,
Lil Tomate,The Hill,thumb,,2,Smart TV,2024-01-28 17:47:41,
Lil Tomate,RRR (Hindi),thumb,,1,Smart TV,2024-01-26 23:05:03,
Lil Tomate,Erin Brockovich,thumb,,2,HTML 5,2024-01-25 11:36:42,
Lil Tomate,Call Me by Your Name,thumb,,1,HTML 5,2024-01-22 15:30:17,
Lil Tomate,Training Day,thumb,,2,HTML 5,2024-01-22 15:30:13,
Lil Tomate,Don't Look Up,thumb,,1,HTML 5,2024-01-22 15:30:04,
Lil Tomate,Silver Linings Playbook,thumb,,1,HTML 5,2024-01-22 15:29:57,
Lil Tomate,La La Land,thumb,,1,HTML 5,2024-01-22 15:29:50,
Lil Tomate,Joker,thumb,,3,HTML 5,2024-01-22 15:29:43,
Lil Tomate,Obliterated,thumb,,1,Smart TV,2024-01-18 19:19:22,
Lil Tomate,Lift,thumb,,2,Smart TV,2024-01-15 23:56:36,
Lil Tomate,Fool Me Once,thumb,,2,Smart TV,2024-01-10 15:30:41,
Lil Tomate,The Brothers Sun,thumb,,2,HTML 5,2024-01-04 16:26:26,
Lil Tomate,The Equalizer 3,thumb,,2,HTML 5,2024-01-02 12:39:59,
Lil Tomate,True Spirit,thumb,,2,Smart TV,2023-12-31 20:19:41,
Lil Tomate,Meg 2: The Trench,thumb,,2,Smart TV,2023-12-31 19:05:11,
Lil Tomate,Warrior Nun,thumb,,2,HTML 5,2023-12-28 18:08:33,
Lil Tomate,The Manny,thumb,,2,Smart TV,2023-12-25 23:01:21,
Lil Tomate,Wonder Woman,thumb,,2,Smart TV,2023-12-22 21:34:26,
Lil Tomate,Trevor Noah: Where Was I,thumb,,1,Smart TV,2023-12-22 21:34:11,
Lil Tomate,The Batman,thumb,,1,Smart TV,2023-12-22 21:34:06,
Lil Tomate,Lucy,thumb,,1,HTML 5,2023-12-22 16:19:38,
Lil Tomate,Race,thumb,,2,HTML 5,2023-12-22 15:23:58,
Lil Tomate,A Beautiful Mind,thumb,,3,HTML 5,2023-12-22 13:37:51,
Lil Tomate,Taken 2,thumb,,3,HTML 5,2023-12-22 13:36:25,
Lil Tomate,Taken,thumb,,3,HTML 5,2023-12-22 13:36:19,
Lil Tomate,The Nice Guys,thumb,,2,HTML 5,2023-12-22 13:36:11,
Lil Tomate,The Meg,thumb,,2,HTML 5,2023-12-22 13:36:05,
Lil Tomate,Safe,thumb,,3,HTML 5,2023-12-22 13:35:54,
Lil Tomate,Colombiana,thumb,,2,HTML 5,2023-12-22 13:35:02,
Lil Tomate,Outlaw King,thumb,,1,HTML 5,2023-12-22 13:34:56,
Lil Tomate,Gladiator,thumb,,3,HTML 5,2023-12-22 13:34:52,
Lil Tomate,This Is Where I Leave You,thumb,,2,HTML 5,2023-12-22 13:34:46,
Lil Tomate,Whiplash,thumb,,2,HTML 5,2023-12-22 13:34:30,
Lil Tomate,Where the Crawdads Sing,thumb,,1,HTML 5,2023-12-22 13:34:06,
Lil Tomate,Rush,thumb,,2,HTML 5,2023-12-22 13:34:03,
Lil Tomate,Crimson Peak,thumb,,1,HTML 5,2023-12-22 13:33:06,
Lil Tomate,The Pale Blue Eye,thumb,,2,HTML 5,2023-12-22 13:32:48,
Lil Tomate,Harriet,thumb,,2,HTML 5,2023-12-22 13:32:20,
Lil Tomate,Enola Holmes,thumb,,3,HTML 5,2023-12-22 13:32:15,
Lil Tomate,Enola Holmes 2,thumb,,3,HTML 5,2023-12-22 13:32:10,
Lil Tomate,The Last Kingdom: Seven Kings Must Die,thumb,,2,HTML 5,2023-12-22 13:32:02,
Lil Tomate,Bank of Dave,thumb,,2,HTML 5,2023-12-18 13:50:55,
Lil Tomate,Yu Yu Hakusho,thumb,,2,HTML 5,2023-12-18 11:28:29,
Lil Tomate,The Crown,thumb,,2,HTML 5,2023-12-16 13:44:05,
Lil Tomate,Anne with an E,thumb,,2,Smart TV,2023-12-15 20:45:10,
Lil Tomate,My Life With the Walter Boys,thumb,,2,Smart TV,2023-12-11 19:19:56,
Lil Tomate,Love and Monsters,thumb,,2,HTML 5,2023-12-11 13:09:20,
Lil Tomate,99 Homes,thumb,,1,HTML 5,2023-12-02 15:48:29,
Lil Tomate,Downton Abbey,thumb,,2,HTML 5,2023-12-01 22:55:43,
Lil Tomate,Greater,thumb,,2,HTML 5,2023-12-01 22:55:39,
Lil Tomate,The Bonfire of Destiny,thumb,,2,HTML 5,2023-11-27 19:50:39,
Lil Tomate,The King,thumb,,1,HTML 5,2023-11-26 22:04:20,
Lil Tomate,Victoria & Abdul,thumb,,2,HTML 5,2023-11-26 22:04:12,
Lil Tomate,The Cook of Castamar,thumb,,2,Smart TV,2023-11-26 21:52:39,
Lil Tomate,The Empress,thumb,,2,HTML 5,2023-11-21 13:06:57,
Lil Tomate,Transatlantic,thumb,,2,HTML 5,2023-11-20 21:15:39,
Lil Tomate,The English Game,thumb,,2,Smart TV,2023-11-20 20:44:19,
Lil Tomate,The Law According to Lidia Poët,thumb,,3,Smart TV,2023-11-20 18:02:09,
Lil Tomate,The Wolf of Wall Street,thumb,,2,Smart TV,2023-11-01 21:21:14,
Lil Tomate,Old Dads,thumb,,2,Smart TV,2023-10-24 03:08:12,
Lil Tomate,The Adjustment Bureau,thumb,,2,Smart TV,2023-10-16 15:52:08,
Lil Tomate,Beckham,thumb,,2,Smart TV,2023-10-14 20:53:33,
Lil Tomate,Fair Play,thumb,,1,Smart TV,2023-10-08 05:53:53,
Lil Tomate,Love at First Sight,thumb,,2,Smart TV,2023-10-08 04:53:36,
Lil Tomate,Lupin,thumb,,3,Smart TV,2023-10-08 00:49:04,
Lil Tomate,Last Vegas,thumb,,3,Smart TV,2023-10-03 16:42:03,
Lil Tomate,The Machine,thumb,,2,Smart TV,2023-09-23 22:11:15,
Lil Tomate,Cry Macho,thumb,,2,Smart TV,2023-09-23 18:19:33,
Lil Tomate,Dear Child,thumb,,2,Smart TV,2023-09-12 12:56:03,
Lil Tomate,Robin Hood,thumb,,2,Smart TV,2023-09-11 18:27:20,
Lil Tomate,Fences,thumb,,2,Smart TV,2023-09-11 14:09:54,
Lil Tomate,Hacksaw Ridge,thumb,,2,Smart TV,2023-09-11 02:47:36,
Lil Tomate,ONE PIECE,thumb,,3,Smart TV,2023-09-04 14:50:01,
Lil Tomate,The Pope's Exorcist,thumb,,2,Smart TV,2023-08-20 19:22:35,
Lil Tomate,What Happened to Monday,thumb,,2,Smart TV,2023-08-19 20:21:05,
Lil Tomate,Heart of Stone,thumb,,1,Smart TV,2023-08-19 18:24:33,
Lil Tomate,The Mortal Instruments: City of Bones,thumb,,1,Smart TV,2023-08-10 16:48:51,
Lil Tomate,The Guernsey Literary and Potato Peel Pie Society,thumb,,2,Smart TV,2023-08-05 14:07:57,
Lil Tomate,Nocturnal Animals,thumb,,2,Smart TV,2023-08-05 14:07:34,
Lil Tomate,Phantom Thread,thumb,,1,Smart TV,2023-08-05 14:07:06,
Lil Tomate,Still Alice,thumb,,1,Smart TV,2023-08-05 14:06:48,
Lil Tomate,Magic Mike,thumb,,2,Smart TV,2023-08-05 14:06:35,
Lil Tomate,"Girl, Interrupted",thumb,,2,Smart TV,2023-08-05 14:06:29,
Lil Tomate,Man on a Ledge,thumb,,2,Smart TV,2023-08-05 14:04:15,
Lil Tomate,Wanted,thumb,,3,Smart TV,2023-08-05 14:04:07,
Lil Tomate,Pride & Prejudice,thumb,,3,Smart TV,2023-08-05 14:01:39,
Lil Tomate,Non-Stop,thumb,,2,Smart TV,2023-08-03 01:20:34,
Lil Tomate,The Out-Laws,thumb,,2,Smart TV,2023-07-08 12:47:49,
Lil Tomate,The Imitation Game,thumb,,3,Smart TV,2023-07-02 21:43:56,
Lil Tomate,Bad Words,thumb,,2,Smart TV,2023-07-02 21:42:25,
Lil Tomate,A Man Called Otto,thumb,,2,Smart TV,2023-07-02 21:42:21,
Lil Tomate,Dracula Untold,thumb,,2,Smart TV,2023-07-02 21:42:08,
Lil Tomate,Rush Hour 2,thumb,,2,Smart TV,2023-07-02 21:39:09,
Lil Tomate,Sleepless in Seattle,thumb,,1,Smart TV,2023-07-02 21:37:48,
Lil Tomate,A League of Their Own,thumb,,2,Smart TV,2023-07-02 21:37:40,
Lil Tomate,Ted,thumb,,3,Smart TV,2023-07-02 21:37:17,
Lil Tomate,Godless,thumb,,2,iPad,2023-07-02 16:01:30,
Lil Tomate,Cable Girls,thumb,,3,iPad,2023-07-02 16:01:24,
Lil Tomate,The Protector,thumb,,3,iPad,2023-07-02 16:01:08,
Lil Tomate,Glamorous,thumb,,2,Smart TV,2023-06-26 13:35:27,
Lil Tomate,Madam Secretary,thumb,,3,Smart TV,2023-06-23 15:22:30,
Lil Tomate,The Last Kingdom,thumb,,3,Smart TV,2023-06-20 15:36:22,
Lil Tomate,The Umbrella Academy,thumb,,3,Smart TV,2023-06-20 15:36:15,
Lil Tomate,Queen of the South,thumb,,2,Smart TV,2023-06-20 15:36:08,
Lil Tomate,You,thumb,,2,Smart TV,2023-06-20 15:36:03,
Lil Tomate,The Sandman,thumb,,3,Smart TV,2023-06-20 15:35:57,
Lil Tomate,Firefly Lane,thumb,,2,Smart TV,2023-06-20 15:35:49,
Lil Tomate,Legacies,thumb,,2,Smart TV,2023-06-20 15:35:45,
Lil Tomate,Jane The Virgin,thumb,,2,Smart TV,2023-06-20 15:35:41,
Lil Tomate,Community,thumb,,1,Smart TV,2023-06-20 15:35:36,
Lil Tomate,Good Girls,thumb,,2,Smart TV,2023-06-20 15:35:32,
Lil Tomate,The Witcher,thumb,,3,Smart TV,2023-06-20 15:35:28,
Lil Tomate,Virgin River,thumb,,1,Smart TV,2023-06-20 15:35:23,
Lil Tomate,Designated Survivor,thumb,,2,Smart TV,2023-06-20 15:35:17,
Lil Tomate,Riverdale,thumb,,2,Smart TV,2023-06-20 15:35:10,
Lil Tomate,Outlander,thumb,,3,Smart TV,2023-06-20 15:34:31,
Lil Tomate,Hanna,thumb,,2,Smart TV,2023-06-20 14:12:10,
Lil Tomate,47 Ronin,thumb,,1,Smart TV,2023-06-20 14:10:32,
Lil Tomate,The Mick,thumb,,2,Smart TV,2023-06-20 14:08:13,
Lil Tomate,The Flash,thumb,,2,Smart TV,2023-06-20 14:07:10,
Lil Tomate,FUBAR,thumb,,3,Smart TV,2023-06-20 14:07:03,
Lil Tomate,Extraction,thumb,,1,Smart TV,2023-06-20 14:05:28,
Lil Tomate,Grey's Anatomy,thumb,,3,Smart TV,2023-06-20 14:04:00,
Lil Tomate,House of Cards,thumb,,2,Smart TV,2023-06-20 14:03:54,
Lil Tomate,Peaky Blinders,thumb,,3,Smart TV,2023-06-20 14:03:49,
Lil Tomate,The Recruit,thumb,,2,Smart TV,2023-06-20 14:03:45,
Lil Tomate,The Blacklist,thumb,,3,Smart TV,2023-06-20 14:03:41,
Lil Tomate,All American,thumb,,2,Smart TV,2023-06-20 14:03:36,
Lil Tomate,How to Get Away With Murder,thumb,,3,Smart TV,2023-06-20 14:03:32,
Lil Tomate,The Lincoln Lawyer,thumb,,3,Smart TV,2023-06-20 14:03:27,
Lil Tomate,Suits,thumb,,3,Smart TV,2023-06-20 14:03:12,
